{
    "camera_matrix": [
        [
            1221.3529705839478,
            0.0,
            972.2270725250926
        ],
        [
            0.0,
            1218.3739708820642,
            672.8699612870074
        ],
        [
            0.0,
            0.0,
            1.0
        ]
    ],
    "dist_coeffs": [
        [
            -0.08729024556006525,
            -0.03346185309664291,
            0.0004574869270013974,
            -0.0005493039835978047,
            0.017409947705559516
        ]
    ]
}