{
    "camera_matrix": [
        [
            606.5109738231896,
            0.0,
            488.07186627054983
        ],
        [
            0.0,
            605.6290410464018,
            341.8646791940273
        ],
        [
            0.0,
            0.0,
            1.0
        ]
    ],
    "dist_coeffs": [
        [
            -0.08440908352448823,
            -0.04494974946161857,
            0.0009030290238004574,
            -0.0012897376535909114,
            0.028084889904618413
        ]
    ]
}