{
    "camera_matrix": [
        [
            595.3510663579782,
            0.0,
            508.2226048203437
        ],
        [
            0.0,
            596.5461142878072,
            332.00646401109276
        ],
        [
            0.0,
            0.0,
            1.0
        ]
    ],
    "dist_coeffs": [
        [
            -0.09685708936698945,
            -0.007439992320792147,
            0.00014550633414082677,
            0.001418750830152247,
            0.005805810281176072
        ]
    ]
}