{
    "camera_matrix": [
        [
            613.4111872817303,
            0.0,
            496.1907458762906
        ],
        [
            0.0,
            614.4126633064589,
            334.8065025251272
        ],
        [
            0.0,
            0.0,
            1.0
        ]
    ],
    "dist_coeffs": [
        [
            -0.08345604732592034,
            -0.03694236230978515,
            5.034535449174609e-05,
            0.00015193627664478193,
            0.024126881612754288
        ]
    ]
}